month,year,month_num,value,base_desc,chained_1950_07
2000-01,2000,1,179.1,1992 ינואר,44820240.6462416
2000-02,2000,2,179.4,1992 ינואר,44895316.4262186
2000-03,2000,3,179.9,1992 ינואר,45020442.7261802
2000-04,2000,4,180.0,1992 ינואר,45045467.9861725
2000-05,2000,5,180.7,1992 ינואר,45220644.8061187
2000-06,2000,6,183.7,1992 ינואר,45971402.6058883
2000-07,2000,7,186.5,1992 ינואר,46672109.8856732
2000-08,2000,8,186.2,1992 ינואר,46597034.1056962
2000-09,2000,9,185.8,1992 ינואר,46496933.0657269
2000-10,2000,10,182.4,1992 ינואר,45646074.2259881
2000-11,2000,11,183.1,1992 ינואר,45821251.0459343
2000-12,2000,12,183.5,1992 ינואר,45921352.0859036
2001-01,2001,1,184.0,1992 ינואר,46046478.3858652
2001-02,2001,2,183.4,1992 ינואר,45896326.8259113
2001-03,2001,3,183.1,1992 ינואר,45821251.0459343
2001-04,2001,4,182.9,1992 ינואר,45771200.5259497
2001-05,2001,5,183.1,1992 ינואר,45821251.0459343
2001-06,2001,6,185.3,1992 ינואר,46371806.7657653
2001-07,2001,7,187.5,1992 ינואר,46922362.4855963
2001-08,2001,8,187.8,1992 ינואר,46997438.2655733
2001-09,2001,9,187.2,1992 ינואר,46847286.7056194
2001-10,2001,10,185.0,1992 ינואר,46296730.9857884
2001-11,2001,11,185.1,1992 ינואר,46321756.2457807
2001-12,2001,12,185.4,1992 ינואר,46396832.0257577
2002-01,2002,1,186.7,1992 ינואר,46722160.4056578
2002-02,2002,2,188.0,1992 ינואר,47047488.7855579
2002-03,2002,3,188.3,1992 ינואר,47122564.5655349
2002-04,2002,4,189.7,1992 ינואר,47472918.2054273
2002-05,2002,5,191.1,1992 ינואר,47823271.8453198
2002-06,2002,6,194.5,1992 ינואר,48674130.6850586
2002-07,2002,7,197.3,1992 ינואר,49374837.9648435
2002-08,2002,8,198.0,1992 ינואר,49550014.7847897
2002-09,2002,9,196.0,1992 ינואר,49049509.5849434
2002-10,2002,10,195.2,1992 ינואר,48849307.5050048
2002-11,2002,11,196.2,1992 ינואר,49099560.104928
2002-12,2002,12,197.6,1992 ינואר,49449913.7448204
2003-01,2003,1,199.2,1992 ינואר,49850317.9046975
2003-02,2003,2,200.1,1992 ינואר,50075545.2446284
2003-03,2003,3,200.5,1992 ינואר,50175646.2845977
2003-04,2003,4,200.0,1992 ינואר,50050519.9846361
2003-05,2003,5,198.7,1992 ינואר,49725191.6047359
2003-06,2003,6,200.3,1992 ינואר,50125595.7646131
2003-07,2003,7,202.8,1992 ינואר,50751227.264421
2003-08,2003,8,203.6,1992 ינואר,50951429.3443595
2003-09,2003,9,204.8,1992 ינואר,51251732.4642674
2003-10,2003,10,201.7,1992 ינואר,50475949.4045055
2003-11,2003,11,202.8,1992 ינואר,50751227.264421
2003-12,2003,12,202.3,1992 ינואר,50626100.9644594
2004-01,2004,1,204.8,1992 ינואר,51251732.4642674
2004-02,2004,2,101.3,2004 ינואר,51918004.9863028
2004-03,2004,3,102.8,2004 ינואר,52686780.9732668
2004-04,2004,4,103.2,2004 ינואר,52891787.9031239
2004-05,2004,5,103.6,2004 ינואר,53096794.832981
2004-06,2004,6,103.7,2004 ינואר,53148046.5654452
2004-07,2004,7,104.1,2004 ינואר,53353053.4953023
2004-08,2004,8,103.8,2004 ינואר,53199298.2979095
2004-09,2004,9,103.9,2004 ינואר,53250550.0303738
2004-10,2004,10,103.2,2004 ינואר,52891787.9031239
2004-11,2004,11,103.4,2004 ינואר,52994291.3680524
2004-12,2004,12,103.6,2004 ינואר,53096794.832981
2005-01,2005,1,104.4,2004 ינואר,53506808.6926951
2005-02,2005,2,104.5,2004 ינואר,53558060.4251594
2005-03,2005,3,104.8,2004 ינואר,53711815.6225522
2005-04,2005,4,105.1,2004 ינואר,53865570.819945
2005-05,2005,5,105.3,2004 ינואר,53968074.2848735
2005-06,2005,6,105.8,2004 ינואר,54224332.9471949
2005-07,2005,7,108.8,2004 ינואר,55761884.9211229
2005-08,2005,8,111.7,2004 ינואר,57248185.1625866
2005-09,2005,9,112.0,2004 ינואר,57401940.3599794
2005-10,2005,10,111.4,2004 ינואר,57094429.9651938
2005-11,2005,11,110.4,2004 ינואר,56581912.6405512
2005-12,2005,12,109.7,2004 ינואר,56223150.5133013
2006-01,2006,1,111.0,2004 ינואר,56889423.0353368
2006-02,2006,2,111.4,2004 ינואר,57094429.9651938
2006-03,2006,3,112.0,2004 ינואר,57401940.3599794
2006-04,2006,4,112.8,2004 ינואר,57811954.2196936
2006-05,2006,5,113.5,2004 ינואר,58170716.3469435
2006-06,2006,6,114.6,2004 ינואר,58734485.4040504
2006-07,2006,7,115.6,2004 ינואר,59247002.7286931
2006-08,2006,8,116.4,2004 ינואר,59657016.5884072
2006-09,2006,9,116.9,2004 ינואר,59913275.2507285
2006-10,2006,10,116.5,2004 ינואר,59708268.3208715
2006-11,2006,11,116.5,2004 ינואר,59708268.3208715
2006-12,2006,12,116.2,2004 ינואר,59554513.1234787
2007-01,2007,1,117.3,2004 ינואר,60118282.1805856
2007-02,2007,2,117.5,2004 ינואר,60220785.6455141
2007-03,2007,3,117.8,2004 ינואר,60374540.8429069
2007-04,2007,4,117.8,2004 ינואר,60374540.8429069
2007-05,2007,5,117.6,2004 ינואר,60272037.3779784
2007-06,2007,6,118.4,2004 ינואר,60682051.2376925
2007-07,2007,7,119.7,2004 ינואר,61348323.759728
2007-08,2007,8,120.0,2004 ינואר,61502078.9571208
2007-09,2007,9,120.1,2004 ינואר,61553330.6895851
2007-10,2007,10,119.9,2004 ינואר,61450827.2246566
2007-11,2007,11,119.8,2004 ינואר,61399575.4921923
2007-12,2007,12,119.8,2004 ינואר,61399575.4921923
2008-01,2008,1,120.3,2004 ינואר,61655834.1545136
2008-02,2008,2,119.8,2004 ינואר,61399575.4921923
2008-03,2008,3,120.1,2004 ינואר,61553330.6895851
2008-04,2008,4,121.7,2004 ינואר,62373358.4090134
2008-05,2008,5,123.6,2004 ינואר,63347141.3258345
2008-06,2008,6,124.9,2004 ינואר,64013413.8478699
2008-07,2008,7,126.9,2004 ינואר,65038448.4971553
2008-08,2008,8,127.1,2004 ינואר,65140951.9620838
2008-09,2008,9,126.3,2004 ינואר,64730938.1023697
2008-10,2008,10,124.2,2004 ינואר,63654651.7206201
2008-11,2008,11,123.9,2004 ינואר,63500896.5232273
2008-12,2008,12,123.7,2004 ינואר,63398393.0582987
2009-01,2009,1,123.1,2004 ינואר,63090882.6635131
2009-02,2009,2,123.1,2004 ינואר,63090882.6635131
2009-03,2009,3,123.1,2004 ינואר,63090882.6635131
2009-04,2009,4,123.2,2004 ינואר,63142134.3959774
2009-05,2009,5,123.2,2004 ינואר,63142134.3959774
2009-06,2009,6,123.3,2004 ינואר,63193386.1284416
2009-07,2009,7,123.7,2004 ינואר,63398393.0582987
2009-08,2009,8,123.6,2004 ינואר,63347141.3258345
2009-09,2009,9,123.6,2004 ינואר,63347141.3258345
2009-10,2009,10,123.3,2004 ינואר,63193386.1284416
2009-11,2009,11,123.5,2004 ינואר,63295889.5933702
2009-12,2009,12,123.7,2004 ינואר,63398393.0582987
2010-01,2010,1,124.1,2004 ינואר,63603399.9881558
2010-02,2010,2,124.7,2004 ינואר,63910910.3829414
2010-03,2010,3,125.5,2004 ינואר,64320924.2426555
2010-04,2010,4,126.6,2004 ינואר,64884693.2997625
2010-05,2010,5,126.9,2004 ינואר,65038448.4971553
2010-06,2010,6,126.6,2004 ינואר,64884693.2997625
2010-07,2010,7,126.5,2004 ינואר,64833441.5672982
2010-08,2010,8,127.1,2004 ינואר,65140951.9620838
2010-09,2010,9,127.3,2004 ינואר,65243455.4270124
2010-10,2010,10,127.4,2004 ינואר,65294707.1594766
2010-11,2010,11,127.8,2004 ינואר,65499714.0893337
2010-12,2010,12,128.5,2004 ינואר,65858476.2165836
2011-01,2011,1,129.3,2004 ינואר,66268490.0762977
2011-02,2011,2,130.1,2004 ינואר,66678503.9360118
2011-03,2011,3,130.1,2004 ינואר,66678503.9360118
2011-04,2011,4,130.1,2004 ינואר,66678503.9360118
2011-05,2011,5,131.1,2004 ינואר,67191021.2606545
2011-06,2011,6,132.0,2004 ינואר,67652286.8528329
2011-07,2011,7,132.3,2004 ינואר,67806042.0502257
2011-08,2011,8,100.3,2011 יולי,68009460.1763764
2011-09,2011,9,100.6,2011 יולי,68212878.302527
2011-10,2011,10,100.7,2011 יולי,68280684.3445773
2011-11,2011,11,100.9,2011 יולי,68416296.4286778
2011-12,2011,12,100.8,2011 יולי,68348490.3866275
2012-01,2012,1,101.1,2011 יולי,68551908.5127782
2012-02,2012,2,101.6,2011 יולי,68890938.7230293
2012-03,2012,3,101.9,2011 יולי,69094356.84918
2012-04,2012,4,102.6,2011 יולי,69568999.1435316
2012-05,2012,5,102.7,2011 יולי,69636805.1855818
2012-06,2012,6,103.0,2011 יולי,69840223.3117325
2012-07,2012,7,103.3,2011 יולי,70043641.4378832
2012-08,2012,8,103.7,2011 יולי,70314865.606084
2012-09,2012,9,103.7,2011 יולי,70314865.606084
2012-10,2012,10,103.7,2011 יולי,70314865.606084
2012-11,2012,11,104.0,2011 יולי,70518283.7322347
2012-12,2012,12,104.1,2011 יולי,70586089.7742849
2013-01,2013,1,104.6,2011 יולי,70925119.9845361
2013-02,2013,2,104.8,2011 יולי,71060732.0686366
2013-03,2013,3,104.8,2011 יולי,71060732.0686366
2013-04,2013,4,104.6,2011 יולי,70925119.9845361
2013-05,2013,5,104.9,2011 יולי,71128538.1106868
2013-06,2013,6,105.1,2011 יולי,71264150.1947872
2013-07,2013,7,105.1,2011 יולי,71264150.1947872
2013-08,2013,8,105.2,2011 יולי,71331956.2368374
2013-09,2013,9,105.4,2011 יולי,71467568.3209379
2013-10,2013,10,105.5,2011 יולי,71535374.3629881
2013-11,2013,11,105.6,2011 יולי,71603180.4050383
2013-12,2013,12,105.6,2011 יולי,71603180.4050383
2014-01,2014,1,105.9,2011 יולי,71806598.531189
2014-02,2014,2,105.9,2011 יולי,71806598.531189
2014-03,2014,3,105.8,2011 יולי,71738792.4891388
2014-04,2014,4,105.9,2011 יולי,71806598.531189
2014-05,2014,5,106.0,2011 יולי,71874404.5732393
2014-06,2014,6,105.9,2011 יולי,71806598.531189
2014-07,2014,7,105.8,2011 יולי,71738792.4891388
2014-08,2014,8,105.9,2011 יולי,71806598.531189
2014-09,2014,9,105.8,2011 יולי,71738792.4891388
2014-10,2014,10,106.1,2011 יולי,71942210.6152895
2014-11,2014,11,106.3,2011 יולי,72077822.6993899
2014-12,2014,12,106.4,2011 יולי,72145628.7414402
2015-01,2015,1,106.5,2011 יולי,72213434.7834904
2015-02,2015,2,106.4,2011 יולי,72145628.7414402
2015-03,2015,3,106.6,2011 יולי,72281240.8255406
2015-04,2015,4,106.6,2011 יולי,72281240.8255406
2015-05,2015,5,106.6,2011 יולי,72281240.8255406
2015-06,2015,6,106.6,2011 יולי,72281240.8255406
2015-07,2015,7,106.7,2011 יולי,72349046.8675908
2015-08,2015,8,106.9,2011 יולי,72484658.9516913
2015-09,2015,9,107.0,2011 יולי,72552464.9937415
2015-10,2015,10,107.1,2011 יולי,72620271.0357917
2015-11,2015,11,107.0,2011 יולי,72552464.9937415
2015-12,2015,12,107.4,2011 יולי,72823689.1619424
2016-01,2016,1,107.7,2011 יולי,73027107.2880931
2016-02,2016,2,107.5,2011 יולי,72891495.2039927
2016-03,2016,3,107.5,2011 יולי,72891495.2039927
2016-04,2016,4,107.8,2011 יולי,73094913.3301433
2016-05,2016,5,108.0,2011 יולי,73230525.4142437
2016-06,2016,6,108.1,2011 יולי,73298331.456294
2016-07,2016,7,108.5,2011 יולי,73569555.6244949
2016-08,2016,8,108.5,2011 יולי,73569555.6244949
2016-09,2016,9,108.8,2011 יולי,73772973.7506456
2016-10,2016,10,108.8,2011 יולי,73772973.7506456
2016-11,2016,11,109.0,2011 יולי,73908585.834746
2016-12,2016,12,109.0,2011 יולי,73908585.834746
2017-01,2017,1,109.0,2011 יולי,73908585.834746
2017-02,2017,2,109.2,2011 יולי,74044197.9188465
2017-03,2017,3,109.2,2011 יולי,74044197.9188465
2017-04,2017,4,109.4,2011 יולי,74179810.0029469
2017-05,2017,5,109.4,2011 יולי,74179810.0029469
2017-06,2017,6,109.6,2011 יולי,74315422.0870474
2017-07,2017,7,109.8,2011 יולי,74451034.1711478
2017-08,2017,8,110.3,2011 יולי,74790064.381399
2017-09,2017,9,110.5,2011 יולי,74925676.4654994
2017-10,2017,10,110.7,2011 יולי,75061288.5495998
2017-11,2017,11,110.8,2011 יולי,75129094.5916501
2017-12,2017,12,111.1,2011 יולי,75332512.7178007
2018-01,2018,1,111.7,2011 יולי,75739348.9701021
2018-02,2018,2,112.0,2011 יולי,75942767.0962528
2018-03,2018,3,112.1,2011 יולי,76010573.138303
2018-04,2018,4,112.4,2011 יולי,76213991.2644537
2018-05,2018,5,112.5,2011 יולי,76281797.3065039
2018-06,2018,6,112.6,2011 יולי,76349603.3485542
2018-07,2018,7,112.9,2011 יולי,76553021.4747048
2018-08,2018,8,113.1,2011 יולי,76688633.5588053
2018-09,2018,9,113.1,2011 יולי,76688633.5588053
2018-10,2018,10,113.2,2011 יולי,76756439.6008555
2018-11,2018,11,113.2,2011 יולי,76756439.6008555
2018-12,2018,12,113.3,2011 יולי,76824245.6429057
2019-01,2019,1,114.0,2011 יולי,77298887.9372573
2019-02,2019,2,114.1,2011 יולי,77366693.9793075
2019-03,2019,3,114.1,2011 יולי,77366693.9793075
2019-04,2019,4,114.2,2011 יולי,77434500.0213578
2019-05,2019,5,114.3,2011 יולי,77502306.063408
2019-06,2019,6,114.3,2011 יולי,77502306.063408
2019-07,2019,7,114.3,2011 יולי,77502306.063408
2019-08,2019,8,114.4,2011 יולי,77570112.1054582
2019-09,2019,9,114.4,2011 יולי,77570112.1054582
2019-10,2019,10,114.3,2011 יולי,77502306.063408
2019-11,2019,11,114.3,2011 יולי,77502306.063408
2019-12,2019,12,114.5,2011 יולי,77637918.1475084
2020-01,2020,1,114.7,2011 יולי,77773530.2316089
2020-02,2020,2,114.7,2011 יולי,77773530.2316089
2020-03,2020,3,114.9,2011 יולי,77909142.3157093
2020-04,2020,4,114.8,2011 יולי,77841336.2736591
2020-05,2020,5,114.7,2011 יולי,77773530.2316089
2020-06,2020,6,114.7,2011 יולי,77773530.2316089
2020-07,2020,7,114.7,2011 יולי,77773530.2316089
2020-08,2020,8,114.8,2011 יולי,77841336.2736591
2020-09,2020,9,114.7,2011 יולי,77773530.2316089
2020-10,2020,10,114.6,2011 יולי,77705724.1895587
2020-11,2020,11,114.6,2011 יולי,77705724.1895587
2020-12,2020,12,115.1,2011 יולי,78044754.3998098
2021-01,2021,1,115.8,2011 יולי,78519396.6941614
2021-02,2021,2,116.0,2011 יולי,78655008.7782618
2021-03,2021,3,116.6,2011 יולי,79061845.0305632
2021-04,2021,4,117.5,2011 יולי,79672099.4090152
2021-05,2021,5,118.3,2011 יולי,80214547.745417
2021-06,2021,6,119.0,2011 יולי,80689190.0397686
2021-07,2021,7,119.3,2011 יולי,80892608.1659193
2021-08,2021,8,120.0,2011 יולי,81367250.4602708
2021-09,2021,9,120.3,2011 יולי,81570668.5864215
2021-10,2021,10,120.6,2011 יולי,81774086.7125722
2021-11,2021,11,121.2,2011 יולי,82180922.9648736
2021-12,2021,12,121.5,2011 יולי,82384341.0910242
2022-01,2022,1,122.5,2011 יולי,83062401.5115265
2022-02,2022,2,123.1,2011 יולי,83469237.7638279
2022-03,2022,3,124.3,2011 יולי,84282910.2684305
2022-04,2022,4,125.5,2011 יולי,85096582.7730333
2022-05,2022,5,126.1,2011 יולי,85503419.0253346
2022-06,2022,6,126.8,2011 יולי,85978061.3196862
2022-07,2022,7,127.4,2011 יולי,86384897.5719875
2022-08,2022,8,127.5,2011 יולי,86452703.6140378
2022-09,2022,9,127.5,2011 יולי,86452703.6140378
2022-10,2022,10,127.5,2011 יולי,86452703.6140378
2022-11,2022,11,127.3,2011 יולי,86317091.5299373
2022-12,2022,12,127.3,2011 יולי,86317091.5299373
2023-01,2023,1,128.8,2011 יולי,87334182.1606907
2023-02,2023,2,128.6,2011 יולי,87198570.0765903
2023-03,2023,3,128.9,2011 יולי,87401988.2027409
2023-04,2023,4,129.3,2011 יולי,87673212.3709419
2023-05,2023,5,129.2,2011 יולי,87605406.3288916
2023-06,2023,6,129.6,2011 יולי,87876630.4970925
2023-07,2023,7,129.3,2011 יולי,87673212.3709419
2023-08,2023,8,129.4,2011 יולי,87741018.4129921
2023-09,2023,9,129.5,2011 יולי,87808824.4550423
2023-10,2023,10,129.7,2011 יולי,87944436.5391427
2023-11,2023,11,129.8,2011 יולי,88012242.581193
2023-12,2023,12,129.8,2011 יולי,88012242.581193
2024-01,2024,1,130.2,2011 יולי,88283466.7493939
2024-02,2024,2,129.9,2011 יולי,88080048.6232432
2024-03,2024,3,130.2,2011 יולי,88283466.7493939
2024-04,2024,4,130.1,2011 יולי,88215660.7073437
2024-05,2024,5,130.7,2011 יולי,88622496.959645
2024-06,2024,6,131.2,2011 יולי,88961527.1698961
2024-07,2024,7,131.7,2011 יולי,89300557.3801473
2024-08,2024,8,132.0,2011 יולי,89503975.5062979
2024-09,2024,9,132.5,2011 יולי,89843005.7165491
2024-10,2024,10,132.8,2011 יולי,90046423.8426997
2024-11,2024,11,133.2,2011 יולי,90317648.0109006
2024-12,2024,12,133.6,2011 יולי,90588872.1791015
2025-01,2025,1,137.1,2011 יולי,92962083.6508595
2025-02,2025,2,137.7,2011 יולי,93368919.9031608
2025-03,2025,3,138.2,2011 יולי,93707950.1134119
2025-04,2025,4,138.4,2011 יולי,93843562.1975124
2025-05,2025,5,138.6,2011 יולי,93979174.2816128
2025-06,2025,6,138.6,2011 יולי,93979174.2816128
2025-07,2025,7,138.7,2011 יולי,94046980.323663
2025-08,2025,8,100.4,2025 יולי,94423168.2449577
2025-09,2025,9,100.4,2025 יולי,94423168.2449577
2025-10,2025,10,100.5,2025 יולי,94517215.2252814
2025-11,2025,11,101.1,2025 יולי,95081497.1072234
2025-12,2025,12,101.2,2025 יולי,95175544.087547
2026-01,2026,1,101.3,2025 יולי,95269591.0678707
2026-02,2026,2,101.5,2025 יולי,95457685.028518
2026-03,2026,3,101.7,2025 יולי,95645778.9891653
2026-04,2026,4,102.8,2025 יולי,96680295.7727256
2026-05,2026,5,103.4,2025 יולי,97244577.6546676
2026-06,2026,6,103.6,2025 יולי,97432671.6153149
2026-07,2026,7,103.5,2025 יולי,97338624.6349912
2026-08,2026,8,103.9,2025 יולי,97714812.5562859
