month,year,month_num,value,base_desc,chained_1951_09
1951-09,1951,9,100.0,1951 ספטמבר,100.0
1951-10,1951,10,103.0,1951 ספטמבר,103.0
1951-11,1951,11,105.0,1951 ספטמבר,105.0
1951-12,1951,12,107.0,1951 ספטמבר,107.0
1952-01,1952,1,113.0,1951 ספטמבר,113.0
1952-02,1952,2,120.0,1951 ספטמבר,120.0
1952-03,1952,3,132.0,1951 ספטמבר,132.0
1952-04,1952,4,144.0,1951 ספטמבר,144.0
1952-05,1952,5,150.0,1951 ספטמבר,150.0
1952-06,1952,6,157.0,1951 ספטמבר,157.0
1952-07,1952,7,162.0,1951 ספטמבר,162.0
1952-08,1952,8,165.0,1951 ספטמבר,165.0
1952-09,1952,9,169.0,1951 ספטמבר,169.0
1952-10,1952,10,173.0,1951 ספטמבר,173.0
1952-11,1952,11,175.0,1951 ספטמבר,175.0
1952-12,1952,12,178.0,1951 ספטמבר,178.0
1953-01,1953,1,181.0,1951 ספטמבר,181.0
1953-02,1953,2,182.0,1951 ספטמבר,182.0
1953-03,1953,3,184.0,1951 ספטמבר,184.0
1953-04,1953,4,187.0,1951 ספטמבר,187.0
1953-05,1953,5,191.0,1951 ספטמבר,191.0
1953-06,1953,6,197.0,1951 ספטמבר,197.0
1953-07,1953,7,200.0,1951 ספטמבר,200.0
1953-08,1953,8,201.0,1951 ספטמבר,201.0
1953-09,1953,9,205.0,1951 ספטמבר,205.0
1953-10,1953,10,207.0,1951 ספטמבר,207.0
1953-11,1953,11,208.0,1951 ספטמבר,208.0
1953-12,1953,12,212.0,1951 ספטמבר,212.0
1954-01,1954,1,214.0,1951 ספטמבר,214.0
1954-02,1954,2,216.0,1951 ספטמבר,216.0
1954-03,1954,3,217.0,1951 ספטמבר,217.0
1954-04,1954,4,217.0,1951 ספטמבר,217.0
1954-05,1954,5,218.0,1951 ספטמבר,218.0
1954-06,1954,6,214.0,1951 ספטמבר,214.0
1954-07,1954,7,217.0,1951 ספטמבר,217.0
1954-08,1954,8,222.0,1951 ספטמבר,222.0
1954-09,1954,9,227.0,1951 ספטמבר,227.0
1954-10,1954,10,227.0,1951 ספטמבר,227.0
1954-11,1954,11,228.0,1951 ספטמבר,228.0
1954-12,1954,12,228.0,1951 ספטמבר,228.0
1955-01,1955,1,228.0,1951 ספטמבר,228.0
1955-02,1955,2,228.0,1951 ספטמבר,228.0
1955-03,1955,3,229.0,1951 ספטמבר,229.0
1955-04,1955,4,230.0,1951 ספטמבר,230.0
1955-05,1955,5,230.0,1951 ספטמבר,230.0
1955-06,1955,6,232.0,1951 ספטמבר,232.0
1955-07,1955,7,233.0,1951 ספטמבר,233.0
1955-08,1955,8,231.0,1951 ספטמבר,231.0
1955-09,1955,9,239.0,1951 ספטמבר,239.0
1955-10,1955,10,238.0,1951 ספטמבר,238.0
1955-11,1955,11,236.0,1951 ספטמבר,236.0
1955-12,1955,12,239.0,1951 ספטמבר,239.0
1956-01,1956,1,238.0,1951 ספטמבר,238.0
1956-02,1956,2,239.0,1951 ספטמבר,239.0
1956-03,1956,3,244.0,1951 ספטמבר,244.0
1956-04,1956,4,246.0,1951 ספטמבר,246.0
1956-05,1956,5,249.0,1951 ספטמבר,249.0
1956-06,1956,6,249.0,1951 ספטמבר,249.0
1956-07,1956,7,244.0,1951 ספטמבר,244.0
1956-08,1956,8,247.0,1951 ספטמבר,247.0
1956-09,1956,9,260.0,1951 ספטמבר,260.0
1956-10,1956,10,259.0,1951 ספטמבר,259.0
1956-11,1956,11,248.0,1951 ספטמבר,248.0
1956-12,1956,12,250.0,1951 ספטמבר,250.0
1957-01,1957,1,254.0,1951 ספטמבר,254.0
1957-02,1957,2,259.0,1951 ספטמבר,259.0
1957-03,1957,3,261.0,1951 ספטמבר,261.0
1957-04,1957,4,265.0,1951 ספטמבר,265.0
1957-05,1957,5,270.0,1951 ספטמבר,270.0
1957-06,1957,6,258.0,1951 ספטמבר,258.0
1957-07,1957,7,264.0,1951 ספטמבר,264.0
1957-08,1957,8,269.0,1951 ספטמבר,269.0
1957-09,1957,9,268.0,1951 ספטמבר,268.0
1957-10,1957,10,268.0,1951 ספטמבר,268.0
1957-11,1957,11,267.0,1951 ספטמבר,267.0
1957-12,1957,12,263.0,1951 ספטמבר,263.0
1958-01,1958,1,267.0,1951 ספטמבר,267.0
1958-02,1958,2,269.0,1951 ספטמבר,269.0
1958-03,1958,3,268.0,1951 ספטמבר,268.0
1958-04,1958,4,272.0,1951 ספטמבר,272.0
1958-05,1958,5,276.0,1951 ספטמבר,276.0
1958-06,1958,6,267.0,1951 ספטמבר,267.0
1958-07,1958,7,274.0,1951 ספטמבר,274.0
1958-08,1958,8,274.0,1951 ספטמבר,274.0
1958-09,1958,9,280.0,1951 ספטמבר,280.0
1958-10,1958,10,280.0,1951 ספטמבר,280.0
1958-11,1958,11,273.0,1951 ספטמבר,273.0
1958-12,1958,12,274.0,1951 ספטמבר,274.0
1959-01,1959,1,275.3,1951 ספטמבר,275.3
1959-02,1959,2,100.8,1959 ינואר,277.5024
1959-03,1959,3,100.9,1959 ינואר,277.7777
1959-04,1959,4,100.4,1959 ינואר,276.4012
1959-05,1959,5,104.3,1959 ינואר,287.1379
1959-06,1959,6,99.3,1959 ינואר,273.3729
1959-07,1959,7,98.0,1959 ינואר,269.794
1959-08,1959,8,97.9,1959 ינואר,269.5187
1959-09,1959,9,100.1,1959 ינואר,275.5753
1959-10,1959,10,101.9,1959 ינואר,280.5307
1959-11,1959,11,102.1,1959 ינואר,281.0813
1959-12,1959,12,101.6,1959 ינואר,279.7048
1960-01,1960,1,101.2,1959 ינואר,278.6036
1960-02,1960,2,101.4,1959 ינואר,279.1542
1960-03,1960,3,102.4,1959 ינואר,281.9072
1960-04,1960,4,101.2,1959 ינואר,278.6036
1960-05,1960,5,103.2,1959 ינואר,284.1096
1960-06,1960,6,100.8,1959 ינואר,277.5024
1960-07,1960,7,101.3,1959 ינואר,278.8789
1960-08,1960,8,101.5,1959 ינואר,279.4295
1960-09,1960,9,104.1,1959 ינואר,286.5873
1960-10,1960,10,106.2,1959 ינואר,292.3686
1960-11,1960,11,105.8,1959 ינואר,291.2674
1960-12,1960,12,105.1,1959 ינואר,289.3403
1961-01,1961,1,107.5,1959 ינואר,295.9475
1961-02,1961,2,106.6,1959 ינואר,293.4698
1961-03,1961,3,106.8,1959 ינואר,294.0204
1961-04,1961,4,106.7,1959 ינואר,293.7451
1961-05,1961,5,114.3,1959 ינואר,314.6679
1961-06,1961,6,110.4,1959 ינואר,303.9312
1961-07,1961,7,108.0,1959 ינואר,297.324
1961-08,1961,8,107.1,1959 ינואר,294.8463
1961-09,1961,9,110.7,1959 ינואר,304.7571
1961-10,1961,10,112.2,1959 ינואר,308.8866
1961-11,1961,11,113.1,1959 ינואר,311.3643
1961-12,1961,12,114.6,1959 ינואר,315.4938
1962-01,1962,1,115.0,1959 ינואר,316.595
1962-02,1962,2,115.6,1959 ינואר,318.2468
1962-03,1962,3,118.2,1959 ינואר,325.4046
1962-04,1962,4,120.3,1959 ינואר,331.1859
1962-05,1962,5,119.1,1959 ינואר,327.8823
1962-06,1962,6,117.5,1959 ינואר,323.4775
1962-07,1962,7,118.5,1959 ינואר,326.2305
1962-08,1962,8,119.9,1959 ינואר,330.0847
1962-09,1962,9,122.7,1959 ינואר,337.7931
1962-10,1962,10,124.0,1959 ינואר,341.372
1962-11,1962,11,124.9,1959 ינואר,343.8497
1962-12,1962,12,126.3,1959 ינואר,347.7039
1963-01,1963,1,126.3,1959 ינואר,347.7039
1963-02,1963,2,126.3,1959 ינואר,347.7039
1963-03,1963,3,126.3,1959 ינואר,347.7039
1963-04,1963,4,124.9,1959 ינואר,343.8497
1963-05,1963,5,129.0,1959 ינואר,355.137
1963-06,1963,6,127.9,1959 ינואר,352.1087
1963-07,1963,7,128.0,1959 ינואר,352.384
1963-08,1963,8,125.9,1959 ינואר,346.6027
1963-09,1963,9,128.4,1959 ינואר,353.4852
1963-10,1963,10,129.4,1959 ינואר,356.2382
1963-11,1963,11,131.9,1959 ינואר,363.1207
1963-12,1963,12,132.6,1959 ינואר,365.0478
1964-01,1964,1,133.6,1959 ינואר,367.8008
1964-02,1964,2,133.6,1959 ינואר,367.8008
1964-03,1964,3,133.4,1959 ינואר,367.2502
1964-04,1964,4,132.2,1959 ינואר,363.9466
1964-05,1964,5,136.7,1959 ינואר,376.3351
1964-06,1964,6,132.9,1959 ינואר,365.8737
1964-07,1964,7,134.7,1959 ינואר,370.8291
1964-08,1964,8,133.4,1959 ינואר,367.2502
1964-09,1964,9,134.4,1959 ינואר,370.0032
1964-10,1964,10,135.9,1959 ינואר,374.1327
1964-11,1964,11,137.1,1959 ינואר,377.4363
1964-12,1964,12,138.5,1959 ינואר,381.2905
1965-01,1965,1,103.7,1964 ממוצע,384.5497767
1965-02,1965,2,104.2,1964 ממוצע,386.4039222
1965-03,1965,3,106.3,1964 ממוצע,394.1913333
1965-04,1965,4,107.2,1964 ממוצע,397.5287952
1965-05,1965,5,109.4,1964 ממוצע,405.6870354
1965-06,1965,6,108.9,1964 ממוצע,403.8328899
1965-07,1965,7,108.1,1964 ממוצע,400.8662571
1965-08,1965,8,106.9,1964 ממוצע,396.4163079
1965-09,1965,9,108.3,1964 ממוצע,401.6079153
1965-10,1965,10,109.4,1964 ממוצע,405.6870354
1965-11,1965,11,110.0,1964 ממוצע,407.91201
1965-12,1965,12,110.1,1964 ממוצע,408.2828391
1966-01,1966,1,111.5,1964 ממוצע,413.4744465
1966-02,1966,2,112.7,1964 ממוצע,417.9243957
1966-03,1966,3,114.6,1964 ממוצע,424.9701486
1966-04,1966,4,116.7,1964 ממוצע,432.7575597
1966-05,1966,5,117.2,1964 ממוצע,434.6117052
1966-06,1966,6,116.8,1964 ממוצע,433.1283888
1966-07,1966,7,117.1,1964 ממוצע,434.2408761
1966-08,1966,8,115.8,1964 ממוצע,429.4200978
1966-09,1966,9,117.5,1964 ממוצע,435.7241925
1966-10,1966,10,118.5,1964 ממוצע,439.4324835
1966-11,1966,11,117.9,1964 ממוצע,437.2075089
1966-12,1966,12,118.7,1964 ממוצע,440.1741417
1967-01,1967,1,118.6,1964 ממוצע,439.8033126
1967-02,1967,2,117.5,1964 ממוצע,435.7241925
1967-03,1967,3,118.0,1964 ממוצע,437.578338
1967-04,1967,4,119.8,1964 ממוצע,444.2532618
1967-05,1967,5,120.1,1964 ממוצע,445.3657491
1967-06,1967,6,118.8,1964 ממוצע,440.5449708
1967-07,1967,7,117.9,1964 ממוצע,437.2075089
1967-08,1967,8,116.8,1964 ממוצע,433.1283888
1967-09,1967,9,116.7,1964 ממוצע,432.7575597
1967-10,1967,10,117.6,1964 ממוצע,436.0950216
1967-11,1967,11,118.1,1964 ממוצע,437.9491671
1967-12,1967,12,118.9,1964 ממוצע,440.9157999
1968-01,1968,1,120.0,1964 ממוצע,444.99492
1968-02,1968,2,119.9,1964 ממוצע,444.6240909
1968-03,1968,3,120.8,1964 ממוצע,447.9615528
1968-04,1968,4,121.9,1964 ממוצע,452.0406729
1968-05,1968,5,121.7,1964 ממוצע,451.2990147
1968-06,1968,6,120.4,1964 ממוצע,446.4782364
1968-07,1968,7,120.8,1964 ממוצע,447.9615528
1968-08,1968,8,119.7,1964 ממוצע,443.8824327
1968-09,1968,9,120.2,1964 ממוצע,445.7365782
1968-10,1968,10,121.0,1964 ממוצע,448.703211
1968-11,1968,11,120.7,1964 ממוצע,447.5907237
1968-12,1968,12,121.2,1964 ממוצע,449.4448692
1969-01,1969,1,121.8,1964 ממוצע,451.6698438
1969-02,1969,2,121.5,1964 ממוצע,450.5573565
1969-03,1969,3,123.2,1964 ממוצע,456.8614512
1969-04,1969,4,124.0,1964 ממוצע,459.828084
1969-05,1969,5,123.3,1964 ממוצע,457.2322803
1969-06,1969,6,124.5,1964 ממוצע,461.6822295
1969-07,1969,7,124.6,1964 ממוצע,462.0530586
1969-08,1969,8,122.2,1964 ממוצע,453.1531602
1969-09,1969,9,123.0,1964 ממוצע,456.119793
1969-10,1969,10,124.5,1964 ממוצע,461.6822295
1969-11,1969,11,125.4,1964 ממוצע,465.0196914
1969-12,1969,12,125.9,1964 ממוצע,466.8738369
1970-01,1970,1,101.5,1969 ממוצע,465.5963306505
1970-02,1970,2,101.9,1969 ממוצע,467.4311930373
1970-03,1970,3,102.9,1969 ממוצע,472.0183490043
1970-04,1970,4,103.7,1969 ממוצע,475.6880737779
1970-05,1970,5,105.0,1969 ממוצע,481.651376535
1970-06,1970,6,104.8,1969 ממוצע,480.7339453416
1970-07,1970,7,104.4,1969 ממוצע,478.8990829548
1970-08,1970,8,104.9,1969 ממוצע,481.1926609383
1970-09,1970,9,109.1,1969 ממוצע,500.4587159997
1970-10,1970,10,111.3,1969 ממוצע,510.5504591271
1970-11,1970,11,111.3,1969 ממוצע,510.5504591271
1970-12,1970,12,112.1,1969 ממוצע,514.2201839007
1971-01,1971,1,114.1,1969 ממוצע,523.3944958347
1971-02,1971,2,114.0,1969 ממוצע,522.935780238
1971-03,1971,3,115.5,1969 ממוצע,529.8165141885
1971-04,1971,4,116.4,1969 ממוצע,533.9449545588
1971-05,1971,5,117.0,1969 ממוצע,536.697248139
1971-06,1971,6,117.2,1969 ממוצע,537.6146793324
1971-07,1971,7,116.6,1969 ממוצע,534.8623857522
1971-08,1971,8,117.2,1969 ממוצע,537.6146793324
1971-09,1971,9,121.0,1969 ממוצע,555.045872007
1971-10,1971,10,123.6,1969 ממוצע,566.9724775212
1971-11,1971,11,125.6,1969 ממוצע,576.1467894552
1971-12,1971,12,127.1,1969 ממוצע,583.0275234057
1972-01,1972,1,128.9,1969 ממוצע,591.2844041463
1972-02,1972,2,128.2,1969 ממוצע,588.0733949694
1972-03,1972,3,130.8,1969 ממוצע,600.0000004836
1972-04,1972,4,132.3,1969 ממוצע,606.8807344341
1972-05,1972,5,133.7,1969 ממוצע,613.3027527879
1972-06,1972,6,131.8,1969 ממוצע,604.5871564506
1972-07,1972,7,132.7,1969 ממוצע,608.7155968209
1972-08,1972,8,133.3,1969 ממוצע,611.4678904011
1972-09,1972,9,135.2,1969 ממוצע,620.1834867384
1972-10,1972,10,138.4,1969 ממוצע,634.8623858328
1972-11,1972,11,140.8,1969 ממוצע,645.8715601536
1972-12,1972,12,142.8,1969 ממוצע,655.0458720876
1973-01,1973,1,145.5,1969 ממוצע,667.4311931985
1973-02,1973,2,146.9,1969 ממוצע,673.8532115523
1973-03,1973,3,150.5,1969 ממוצע,690.3669730335
1973-04,1973,4,156.3,1969 ממוצע,716.9724776421
1973-05,1973,5,158.5,1969 ממוצע,727.0642207695
1973-06,1973,6,159.0,1969 ממוצע,729.357798753
1973-07,1973,7,161.7,1969 ממוצע,741.7431198639
1973-08,1973,8,162.7,1969 ממוצע,746.3302758309
1973-09,1973,9,165.4,1969 ממוצע,758.7155969418
1973-10,1973,10,168.4,1969 ממוצע,772.4770648428
1973-11,1973,11,175.8,1969 ממוצע,806.4220189986
1973-12,1973,12,180.5,1969 ממוצע,827.9816520435
1974-01,1974,1,186.9,1969 ממוצע,857.3394502323
1974-02,1974,2,202.0,1969 ממוצע,926.605505334
1974-03,1974,3,207.4,1969 ממוצע,951.3761475558
1974-04,1974,4,213.0,1969 ממוצע,977.064220971
1974-05,1974,5,218.7,1969 ממוצע,1003.2110099829
1974-06,1974,6,219.4,1969 ממוצע,1006.4220191598
1974-07,1974,7,222.4,1969 ממוצע,1020.1834870608
1974-08,1974,8,223.5,1969 ממוצע,1025.2293586245
1974-09,1974,9,227.9,1969 ממוצע,1045.4128448793
1974-10,1974,10,233.6,1969 ממוצע,1071.5596338912
1974-11,1974,11,260.8,1969 ממוצע,1196.3302761936
1974-12,1974,12,281.9,1969 ממוצע,1293.1192670973
1975-01,1975,1,287.4,1969 ממוצע,1318.3486249158
1975-02,1975,2,291.7,1969 ממוצע,1338.0733955739
1975-03,1975,3,298.8,1969 ממוצע,1370.6422029396
1975-04,1975,4,303.9,1969 ממוצע,1394.0366983713
1975-05,1975,5,308.2,1969 ממוצע,1413.7614690294
1975-06,1975,6,307.1,1969 ממוצע,1408.7155974657
1975-07,1975,7,308.5,1969 ממוצע,1415.1376158195
1975-08,1975,8,308.6,1969 ממוצע,1415.5963314162
1975-09,1975,9,315.0,1969 ממוצע,1444.954129605
1975-10,1975,10,334.9,1969 ממוצע,1536.2385333483
1975-11,1975,11,345.5,1969 ממוצע,1584.8623865985
1975-12,1975,12,348.2,1969 ממוצע,1597.2477077094
1976-01,1976,1,352.9,1969 ממוצע,1618.8073407543
1976-02,1976,2,355.4,1969 ממוצע,1630.2752306718
1976-03,1976,3,368.2,1969 ממוצע,1688.9908270494
1976-04,1976,4,389.3,1969 ממוצע,1785.7798179531
1976-05,1976,5,397.6,1969 ממוצע,1823.8532124792
1976-06,1976,6,398.4,1969 ממוצע,1827.5229372528
1976-07,1976,7,418.7,1969 ממוצע,1920.6422033829
1976-08,1976,8,423.8,1969 ממוצע,1944.0366988146
1976-09,1976,9,433.5,1969 ממוצע,1988.5321116945
1976-10,1976,10,448.0,1969 ממוצע,2055.045873216
1976-11,1976,11,468.0,1969 ממוצע,2146.788992556
1976-12,1976,12,480.6,1969 ממוצע,2204.5871577402
1977-01,1977,1,116.6,1976 ממוצע,2199.35413021305
1977-02,1977,2,117.7,1976 ממוצע,2220.10275408298
1977-03,1977,3,120.0,1976 ממוצע,2263.48624035648
1977-04,1977,4,122.9,1976 ממוצע,2318.18715783176
1977-05,1977,5,125.8,1976 ממוצע,2372.88807530704
1977-06,1977,6,128.8,1976 ממוצע,2429.47523131596
1977-07,1977,7,130.7,1976 ממוצע,2465.31376345493
1977-08,1977,8,135.8,1976 ממוצע,2561.51192867008
1977-09,1977,9,141.0,1976 ממוצע,2659.59633241886
1977-10,1977,10,146.1,1976 ממוצע,2755.79449763401
1977-11,1977,11,163.4,1976 ממוצע,3082.11376395207
1977-12,1977,12,166.6,1976 ממוצע,3142.47339702825
1978-01,1978,1,170.4,1976 ממוצע,3214.1504613062
1978-02,1978,2,173.1,1976 ממוצע,3265.07890171422
1978-03,1978,3,179.5,1976 ממוצע,3385.79816786657
1978-04,1978,4,189.4,1976 ממוצע,3572.53578269598
1978-05,1978,5,192.9,1976 ממוצע,3638.55413137304
1978-06,1978,6,196.7,1976 ממוצע,3710.231195651
1978-07,1978,7,201.4,1976 ממוצע,3798.88440673163
1978-08,1978,8,206.2,1976 ממוצע,3889.42385634589
1978-09,1978,9,212.4,1976 ממוצע,4006.37064543097
1978-10,1978,10,224.6,1976 ממוצע,4236.49174653388
1978-11,1978,11,238.6,1976 ממוצע,4500.56514124214
1978-12,1978,12,246.8,1976 ממוצע,4655.23670099983
1979-01,1979,1,259.0,1976 ממוצע,4885.35780210274
1979-02,1979,2,265.3,1976 ממוצע,5004.19082972145
1979-03,1979,3,280.2,1976 ממוצע,5285.24037123238
1979-04,1979,4,304.5,1976 ממוצע,5743.59633490457
1979-05,1979,5,319.0,1976 ממוצע,6017.10092228098
1979-06,1979,6,330.3,1976 ממוצע,6230.24587658121
1979-07,1979,7,348.5,1976 ממוצע,6573.54128970194
1979-08,1979,8,377.7,1976 ממוצע,7124.32294152202
1979-09,1979,9,407.9,1976 ממוצע,7693.9669786784
1979-10,1979,10,439.8,1976 ממוצע,8295.6770709065
1979-11,1979,11,482.6,1976 ממוצע,9102.98716330031
1979-12,1979,12,521.7,1976 ממוצע,9840.5064299498
1980-01,1980,1,559.9,1976 ממוצע,10561.0495497966
1980-02,1980,2,587.5,1976 ממוצע,11081.6513850786
1980-03,1980,3,617.5,1976 ממוצע,11647.5229451677
1980-04,1980,4,680.5,1976 ממוצע,12835.8532213549
1980-05,1980,5,744.9,1976 ממוצע,14050.5908370129
1980-06,1980,6,779.3,1976 ממוצע,14699.4568925817
1980-07,1980,7,813.4,1976 ממוצע,15342.6642325497
1980-08,1980,8,880.5,1976 ממוצע,16608.3302886157
1980-09,1980,9,944.5,1976 ממוצע,17815.5229501391
1980-10,1980,10,1048.4,1976 ממוצע,19775.3247865811
1980-11,1980,11,1146.7,1976 ממוצע,21629.4972651398
1980-12,1980,12,1215.3,1976 ממוצע,22923.4568992103
1981-01,1981,1,156.2,1980 ממוצע,24598.6970179917
1981-02,1981,2,164.8,1980 ממוצע,25953.0426924778
1981-03,1981,3,172.7,1980 ממוצע,27197.1509283429
1981-04,1981,4,191.1,1980 ממוצע,30094.8207435225
1981-05,1981,5,197.5,1980 ממוצע,31102.7058966284
1981-06,1981,6,202.9,1980 ממוצע,31953.1089945616
1981-07,1981,7,215.2,1980 ממוצע,33890.138273187
1981-08,1981,8,223.6,1980 ממוצע,35212.9875366386
1981-09,1981,9,241.8,1980 ממוצע,38079.1609407836
1981-10,1981,10,263.6,1980 ממוצע,41512.2697435506
1981-11,1981,11,278.9,1980 ממוצע,43921.7451876945
1981-12,1981,12,293.3,1980 ממוצע,46189.4867821829
1982-01,1982,1,317.7,1980 ממוצע,50032.0489283992
1982-02,1982,2,335.8,1980 ממוצע,52882.474127027
1982-03,1982,3,352.8,1980 ממוצע,55559.6690649646
1982-04,1982,4,390.4,1980 ממוצע,61480.994339462
1982-05,1982,5,414.7,1980 ממוצע,65307.808280161
1982-06,1982,6,439.7,1980 ממוצע,69244.8596594811
1982-07,1982,7,480.2,1980 ממוצע,75622.8828939796
1982-08,1982,8,518.0,1980 ממוצע,81575.7045795115
1982-09,1982,9,557.3,1980 ממוצע,87764.7493478026
1982-10,1982,10,604.1,1980 ממוצע,95134.9095298898
1982-11,1982,11,643.3,1980 ממוצע,101308.206092664
1982-12,1982,12,679.0,1980 ממוצע,106930.315462333
1983-01,1983,1,736.6,1980 ממוצע,116001.281840286
1983-02,1983,2,781.3,1980 ממוצע,123040.72970651
1983-03,1983,3,825.4,1980 ממוצע,129985.688339631
1983-04,1983,4,934.9,1980 ממוצע,147229.973381053
1983-05,1983,5,986.5,1980 ממוצע,155356.047427969
1983-06,1983,6,1022.0,1980 ממוצע,160946.660386604
1983-07,1983,7,1085.9,1980 ממוצע,171009.763712146
1983-08,1983,8,1163.7,1980 ממוצע,183261.86760459
1983-09,1983,9,1268.3,1980 ממוצע,199734.490575665
1983-10,1983,10,1535.5,1980 ממוצע,241813.695717838
1983-11,1983,11,1768.5,1980 ממוצע,278507.014573101
1983-12,1983,12,1973.8,1980 ממוצע,310838.080500077
1984-01,1984,1,2268.3,1980 ממוצע,357216.545748467
1984-02,1984,2,2539.8,1980 ממוצע,399972.923727883
1984-03,1984,3,2810.7,1980 ממוצע,442634.812474195
1984-04,1984,4,3389.7,1980 ממוצע,533816.922419247
1984-05,1984,5,3874.3,1980 ממוצע,610132.726355987
1984-06,1984,6,4391.7,1980 ממוצע,691613.941702395
1984-07,1984,7,4934.1,1980 ממוצע,777032.208428123
1984-08,1984,8,5746.9,1980 ממוצע,905033.622872576
1984-09,1984,9,6975.0,1980 ממוצע,1098437.33483029
1984-10,1984,10,8672.6,1980 ממוצע,1365778.87169164
1984-11,1984,11,10367.4,1980 ממוצע,1632679.45879851
1984-12,1984,12,10754.8,1980 ממוצע,1693688.00697245
1985-01,1985,1,113.2,1980 ממוצע,17826.9686455612
1985-02,1985,2,128.5,1980 ממוצע,20236.4440897051
1985-03,1985,3,144.0,1980 ממוצע,22677.4159448835
1985-04,1985,4,171.9,1980 ממוצע,27071.1652842047
1985-05,1985,5,183.6,1980 ממוצע,28913.7053297265
1985-06,1985,6,211.0,1980 ממוצע,33228.7136414613
1985-07,1985,7,269.0,1980 ממוצע,42362.6728414838
1985-08,1985,8,279.5,1980 ממוצע,44016.2344207982
1985-09,1985,9,288.0,1980 ממוצע,45354.831889767
1985-10,1985,10,301.4,1980 ממוצע,47465.0914290825
1985-11,1985,11,302.8,1980 ממוצע,47685.5663063245
1985-12,1985,12,306.7,1980 ממוצע,48299.7463214984
1986-01,1986,1,134.5,1985 ממוצע,4765800.69466692
1986-02,1986,2,136.7,1985 ממוצע,4843754.31197746
1986-03,1986,3,138.8,1985 ממוצע,4918164.58304661
1986-04,1986,4,143.4,1985 ממוצע,5081158.51015046
1986-05,1986,5,145.7,1985 ממוצע,5162655.47370239
1986-06,1986,6,148.1,1985 ממוצע,5247695.7834957
1986-07,1986,7,148.1,1985 ממוצע,5247695.7834957
1986-08,1986,8,149.7,1985 ממוצע,5304389.32335791
1986-09,1986,9,152.6,1985 ממוצע,5407146.36435816
1986-10,1986,10,156.2,1985 ממוצע,5534706.82904813
1986-11,1986,11,160.7,1985 ממוצע,5694157.40991059
1986-12,1986,12,163.1,1985 ממוצע,5779197.71970391
1987-01,1987,1,166.6,1985 ממוצע,5903214.83815249
1987-02,1987,2,168.2,1985 ממוצע,5959908.3780147
1987-03,1987,3,170.4,1985 ממוצע,6037861.99532523
1987-04,1987,4,174.2,1985 ממוצע,6172509.15249798
1987-05,1987,5,175.3,1985 ממוצע,6211485.96115325
1987-06,1987,6,177.0,1985 ממוצע,6271722.84725684
1987-07,1987,7,177.4,1985 ממוצע,6285896.2322224
1987-08,1987,8,179.6,1985 ממוצע,6363849.84953294
1987-09,1987,9,181.3,1985 ממוצע,6424086.73563653
1987-10,1987,10,184.1,1985 ממוצע,6523300.4303954
1987-11,1987,11,187.0,1985 ממוצע,6626057.47139565
1987-12,1987,12,189.4,1985 ממוצע,6711097.78118896
1988-01,1988,1,108.4,1987 ממוצע,6817752.50305474
1988-02,1988,2,109.3,1987 ממוצע,6874357.45926092
1988-03,1988,3,111.1,1987 ממוצע,6987567.37167327
1988-04,1988,4,114.1,1987 ממוצע,7176250.55902718
1988-05,1988,5,115.5,1987 ממוצע,7264302.71312567
1988-06,1988,6,115.8,1987 ממוצע,7283171.03186106
1988-07,1988,7,115.9,1987 ממוצע,7289460.47143953
1988-08,1988,8,116.8,1987 ממוצע,7346065.4276457
1988-09,1988,9,118.8,1987 ממוצע,7471854.21921498
1988-10,1988,10,121.6,1987 ממוצע,7647958.52741196
1988-11,1988,11,123.6,1987 ממוצע,7773747.31898124
1988-12,1988,12,124.2,1987 ממוצע,7811483.95645202
1989-01,1989,1,130.0,1987 ממוצע,8176271.45200292
1989-02,1989,2,132.2,1987 ממוצע,8314639.12272912
1989-03,1989,3,132.8,1987 ממוצע,8352375.76019991
1989-04,1989,4,136.2,1987 ממוצע,8566216.70586767
1989-05,1989,5,137.4,1987 ממוצע,8641689.98080924
1989-06,1989,6,139.1,1987 ממוצע,8748610.45364312
1989-07,1989,7,139.9,1987 ממוצע,8798925.97027084
1989-08,1989,8,141.6,1987 ממוצע,8905846.44310472
1989-09,1989,9,143.8,1987 ממוצע,9044214.11383092
1989-10,1989,10,146.4,1987 ממוצע,9207739.54287098
1989-11,1989,11,148.3,1987 ממוצע,9327238.89486179
1989-12,1989,12,149.9,1987 ממוצע,9427869.92811721
1990-01,1990,1,151.5,1987 ממוצע,9528500.96137263
1990-02,1990,2,152.3,1987 ממוצע,9578816.47800034
1990-03,1990,3,154.2,1987 ממוצע,9698315.82999116
1990-04,1990,4,158.1,1987 ממוצע,9943603.97355124
1990-05,1990,5,160.6,1987 ממוצע,10100839.9630128
1990-06,1990,6,161.8,1987 ממוצע,10176313.2379544
1990-07,1990,7,164.4,1987 ממוצע,10339838.6669945
1990-08,1990,8,167.0,1987 ממוצע,10503364.0960345
1990-09,1990,9,170.5,1987 ממוצע,10723494.4812808
1990-10,1990,10,173.4,1987 ממוצע,10905888.2290562
1990-11,1990,11,175.6,1987 ממוצע,11044255.8997824
1990-12,1990,12,176.3,1987 ממוצע,11088281.9768317
1991-01,1991,1,178.6,1987 ממוצע,11232939.0871363
1991-02,1991,2,179.7,1987 ממוצע,11302122.9224994
1991-03,1991,3,181.9,1987 ממוצע,11440490.5932256
1991-04,1991,4,185.9,1987 ממוצע,11692068.1763642
1991-05,1991,5,189.4,1987 ממוצע,11912198.5616104
1991-06,1991,6,193.1,1987 ממוצע,12144907.8260136
1991-07,1991,7,198.9,1987 ממוצע,12509695.3215645
1991-08,1991,8,203.0,1987 ממוצע,12767562.3442815
1991-09,1991,9,206.2,1987 ממוצע,12968824.4107923
1991-10,1991,10,207.1,1987 ממוצע,13025429.3669985
1991-11,1991,11,207.4,1987 ממוצע,13044297.6857339
1991-12,1991,12,208.1,1987 ממוצע,13088323.7627831
1992-01,1992,1,208.1,1987 ממוצע,13088323.7627831
1992-02,1992,2,210.2,1987 ממוצע,13220401.9939309
1992-03,1992,3,213.3,1987 ממוצע,13415374.6208633
1992-04,1992,4,217.1,1987 ממוצע,13654373.3248449
1992-05,1992,5,216.3,1987 ממוצע,13604057.8082172
1992-06,1992,6,216.6,1987 ממוצע,13622926.1269526
1992-07,1992,7,218.1,1987 ממוצע,13717267.7206295
1992-08,1992,8,219.8,1987 ממוצע,13824188.1934634
1992-09,1992,9,222.7,1987 ממוצע,14006581.9412388
1992-10,1992,10,223.8,1987 ממוצע,14075765.776602
1992-11,1992,11,225.2,1987 ממוצע,14163817.9307004
1992-12,1992,12,227.6,1987 ממוצע,14314764.4805836
1993-01,1993,1,230.5,1987 ממוצע,14497158.228359
1993-02,1993,2,233.3,1987 ממוצע,14673262.536556
1993-03,1993,3,236.3,1987 ממוצע,14861945.7239099
1993-04,1993,4,239.6,1987 ממוצע,15069497.2299992
1993-05,1993,5,240.3,1987 ממוצע,15113523.3070485
1993-06,1993,6,240.9,1987 ממוצע,15151259.9445193
1993-07,1993,7,241.2,1987 ממוצע,15170128.2632546
1993-08,1993,8,243.5,1987 ממוצע,15314785.3735593
1993-09,1993,9,245.9,1987 ממוצע,15465731.9234424
1993-10,1993,10,249.4,1987 ממוצע,15685862.3086887
1993-11,1993,11,251.3,1987 ממוצע,15805361.6606795
1993-12,1993,12,253.2,1987 ממוצע,15924861.0126703
1994-01,1994,1,105.3,1993 ממוצע,16033750.0800922
1994-02,1994,2,105.9,1993 ממוצע,16125110.479409
1994-03,1994,3,107.0,1993 ממוצע,16292604.5448231
1994-04,1994,4,109.1,1993 ממוצע,16612365.9424318
1994-05,1994,5,110.4,1993 ממוצע,16810313.4742847
1994-06,1994,6,111.9,1993 ממוצע,17038714.4725767
1994-07,1994,7,113.1,1993 ממוצע,17221435.2712102
1994-08,1994,8,114.3,1993 ממוצע,17404156.0698437
1994-09,1994,9,115.6,1993 ממוצע,17602103.6016967
1994-10,1994,10,117.2,1993 ממוצע,17845731.3332081
1994-11,1994,11,118.7,1993 ממוצע,18074132.3315
1994-12,1994,12,119.7,1993 ממוצע,18226399.6636946
1995-01,1995,1,119.9,1993 ממוצע,18256853.1301335
1995-02,1995,2,120.1,1993 ממוצע,18287306.5965724
1995-03,1995,3,120.0,1993 ממוצע,18272079.863353
1995-04,1995,4,121.1,1993 ממוצע,18439573.9287671
1995-05,1995,5,122.3,1993 ממוצע,18622294.7274006
1995-06,1995,6,122.7,1993 ממוצע,18683201.6602784
1995-07,1995,7,123.0,1993 ממוצע,18728881.8599368
1995-08,1995,8,124.5,1993 ממוצע,18957282.8582287
1995-09,1995,9,125.7,1993 ממוצע,19140003.6568623
1995-10,1995,10,127.0,1993 ממוצע,19337951.1887152
1995-11,1995,11,127.9,1993 ממוצע,19474991.7876904
1995-12,1995,12,129.4,1993 ממוצע,19703392.7859823
1996-01,1996,1,130.5,1993 ממוצע,19870886.8513964
1996-02,1996,2,131.7,1993 ממוצע,20053607.6500299
1996-03,1996,3,133.0,1993 ממוצע,20251555.1818829
1996-04,1996,4,135.2,1993 ממוצע,20586543.312711
1996-05,1996,5,137.5,1993 ממוצע,20936758.1767586
1996-06,1996,6,138.5,1993 ממוצע,21089025.5089532
1996-07,1996,7,138.9,1993 ממוצע,21149932.4418311
1996-08,1996,8,139.4,1993 ממוצע,21226066.1079284
1996-09,1996,9,140.0,1993 ממוצע,21317426.5072451
1996-10,1996,10,141.1,1993 ממוצע,21484920.5726592
1996-11,1996,11,142.0,1993 ממוצע,21621961.1716344
1996-12,1996,12,143.1,1993 ממוצע,21789455.2370484
1997-01,1997,1,143.7,1993 ממוצע,21880815.6363652
1997-02,1997,2,145.4,1993 ממוצע,22139670.101096
1997-03,1997,3,146.8,1993 ממוצע,22352844.3661685
1997-04,1997,4,147.9,1993 ממוצע,22520338.4315826
1997-05,1997,5,148.6,1993 ממוצע,22626925.5641188
1997-06,1997,6,150.2,1993 ממוצע,22870553.2956302
1997-07,1997,7,151.7,1993 ממוצע,23098954.2939221
1997-08,1997,8,152.3,1993 ממוצע,23190314.6932388
1997-09,1997,9,152.2,1993 ממוצע,23175087.9600194
1997-10,1997,10,154.0,1993 ממוצע,23449169.1579697
1997-11,1997,11,153.6,1993 ממוצע,23388262.2250918
1997-12,1997,12,153.1,1993 ממוצע,23312128.5589945
1998-01,1998,1,153.6,1993 ממוצע,23388262.2250918
1998-02,1998,2,153.5,1993 ממוצע,23373035.4918724
1998-03,1998,3,153.2,1993 ממוצע,23327355.292214
1998-04,1998,4,155.3,1993 ממוצע,23647116.6898227
1998-05,1998,5,155.9,1993 ממוצע,23738477.0891394
1998-06,1998,6,156.5,1993 ממוצע,23829837.4884562
1998-07,1998,7,156.3,1993 ממוצע,23799384.0220173
1998-08,1998,8,157.1,1993 ממוצע,23921197.887773
1998-09,1998,9,159.3,1993 ממוצע,24256186.0186011
1998-10,1998,10,164.1,1993 ממוצע,24987069.2131352
1998-11,1998,11,166.2,1993 ממוצע,25306830.6107439
1998-12,1998,12,166.3,1993 ממוצע,25322057.3439633
1999-01,1999,1,104.7,1998 ממוצע,25204918.085306
1999-02,1999,2,103.9,1998 ממוצע,25012330.3635463
1999-03,1999,3,103.7,1998 ממוצע,24964183.4331064
1999-04,1999,4,104.0,1998 ממוצע,25036403.8287663
1999-05,1999,5,104.5,1998 ממוצע,25156771.1548661
1999-06,1999,6,104.8,1998 ממוצע,25228991.550526
1999-07,1999,7,105.1,1998 ממוצע,25301211.9461859
1999-08,1999,8,105.6,1998 ממוצע,25421579.2722857
1999-09,1999,9,106.1,1998 ממוצע,25541946.5983856
1999-10,1999,10,106.8,1998 ממוצע,25710460.8549253
1999-11,1999,11,106.6,1998 ממוצע,25662313.9244854
1999-12,1999,12,106.6,1998 ממוצע,25662313.9244854
2000-01,2000,1,106.1,1998 ממוצע,25541946.5983856
2000-02,2000,2,105.6,1998 ממוצע,25421579.2722857
2000-03,2000,3,105.3,1998 ממוצע,25349358.8766258
2000-04,2000,4,105.8,1998 ממוצע,25469726.2027257
2000-05,2000,5,106.7,1998 ממוצע,25686387.3897054
2000-06,2000,6,107.0,1998 ממוצע,25758607.7853653
2000-07,2000,7,107.3,1998 ממוצע,25830828.1810252
2000-08,2000,8,106.7,1998 ממוצע,25686387.3897054
2000-09,2000,9,106.1,1998 ממוצע,25541946.5983856
2000-10,2000,10,106.7,1998 ממוצע,25686387.3897054
2000-11,2000,11,106.7,1998 ממוצע,25686387.3897054
2000-12,2000,12,106.6,1998 ממוצע,25662313.9244854
2001-01,2001,1,99.6,2000 ממוצע,25511710.3260693
2001-02,2001,2,99.5,2000 ממוצע,25486096.1590753
2001-03,2001,3,99.7,2000 ממוצע,25537324.4930634
2001-04,2001,4,100.6,2000 ממוצע,25767851.9960097
2001-05,2001,5,101.0,2000 ממוצע,25870308.6639859
2001-06,2001,6,101.3,2000 ממוצע,25947151.1649681
2001-07,2001,7,101.7,2000 ממוצע,26049607.8329443
2001-08,2001,8,102.0,2000 ממוצע,26126450.3339264
2001-09,2001,9,102.2,2000 ממוצע,26177678.6679145
2001-10,2001,10,102.3,2000 ממוצע,26203292.8349085
2001-11,2001,11,101.7,2000 ממוצע,26049607.8329443
2001-12,2001,12,101.6,2000 ממוצע,26023993.6659502
2002-01,2002,1,102.7,2000 ממוצע,26305749.5028847
2002-02,2002,2,103.5,2000 ממוצע,26510662.8388371
2002-03,2002,3,104.0,2000 ממוצע,26638733.6738073
2002-04,2002,4,105.6,2000 ממוצע,27048560.345712
2002-05,2002,5,106.6,2000 ממוצע,27304702.0156525
2002-06,2002,6,108.0,2000 ממוצע,27663300.3535691
2002-07,2002,7,108.7,2000 ממוצע,27842599.5225274
2002-08,2002,8,108.3,2000 ממוצע,27740142.8545513
2002-09,2002,9,108.7,2000 ממוצע,27842599.5225274
2002-10,2002,10,109.4,2000 ממוצע,28021898.6914858
2002-11,2002,11,108.5,2000 ממוצע,27791371.1885394
2002-12,2002,12,108.2,2000 ממוצע,27714528.6875572
2003-01,2003,1,101.5,2002 ממוצע,27766269.3048852
2003-02,2003,2,101.9,2002 ממוצע,27875693.0262838
2003-03,2003,3,102.1,2002 ממוצע,27930404.886983
2003-04,2003,4,101.9,2002 ממוצע,27875693.0262838
2003-05,2003,5,101.4,2002 ממוצע,27738913.3745356
2003-06,2003,6,100.8,2002 ממוצע,27574777.7924377
2003-07,2003,7,100.1,2002 ממוצע,27383286.2799902
2003-08,2003,8,100.3,2002 ממוצע,27437998.1406895
2003-09,2003,9,99.8,2002 ממוצע,27301218.4889413
2003-10,2003,10,99.8,2002 ממוצע,27301218.4889413
2003-11,2003,11,99.6,2002 ממוצע,27246506.628242
2003-12,2003,12,99.4,2002 ממוצע,27191794.7675427
2004-01,2004,1,99.2,2002 ממוצע,27137082.9068435
2004-02,2004,2,99.4,2002 ממוצע,27191794.7675427
2004-03,2004,3,99.3,2002 ממוצע,27164438.8371931
2004-04,2004,4,100.4,2002 ממוצע,27465354.0710391
2004-05,2004,5,100.8,2002 ממוצע,27574777.7924377
2004-06,2004,6,100.8,2002 ממוצע,27574777.7924377
2004-07,2004,7,100.6,2002 ממוצע,27520065.9317384
2004-08,2004,8,100.8,2002 ממוצע,27574777.7924377
2004-09,2004,9,100.6,2002 ממוצע,27520065.9317384
2004-10,2004,10,100.6,2002 ממוצע,27520065.9317384
2004-11,2004,11,100.5,2002 ממוצע,27492710.0013888
2004-12,2004,12,100.6,2002 ממוצע,27520065.9317384
2005-01,2005,1,100.0,2002 ממוצע,27355930.3496406
2005-02,2005,2,100.2,2002 ממוצע,27410642.2103399
2005-03,2005,3,100.0,2002 ממוצע,27355930.3496406
2005-04,2005,4,100.7,2002 ממוצע,27547421.8620881
2005-05,2005,5,101.0,2002 ממוצע,27629489.653137
2005-06,2005,6,101.1,2002 ממוצע,27656845.5834866
2005-07,2005,7,102.2,2002 ממוצע,27957760.8173327
2005-08,2005,8,102.4,2002 ממוצע,28012472.6780319
2005-09,2005,9,102.5,2002 ממוצע,28039828.6083816
2005-10,2005,10,103.3,2002 ממוצע,28258676.0511787
2005-11,2005,11,103.2,2002 ממוצע,28231320.1208291
2005-12,2005,12,103.0,2002 ממוצע,28176608.2601298
2006-01,2006,1,102.7,2002 ממוצע,28094540.4690809
2006-02,2006,2,103.3,2002 ממוצע,28258676.0511787
2006-03,2006,3,103.6,2002 ממוצע,28340743.8422276
2006-04,2006,4,104.5,2002 ממוצע,28586947.2153744
2006-05,2006,5,104.5,2002 ממוצע,28586947.2153744
2006-06,2006,6,104.6,2002 ממוצע,28614303.145724
2006-07,2006,7,104.7,2002 ממוצע,28641659.0760737
2006-08,2006,8,104.7,2002 ממוצע,28641659.0760737
2006-09,2006,9,103.8,2002 ממוצע,28395455.7029269
2006-10,2006,10,103.1,2002 ממוצע,28203964.1904794
2006-11,2006,11,102.9,2002 ממוצע,28149252.3297802
2006-12,2006,12,102.9,2002 ממוצע,28149252.3297802
2007-01,2007,1,99.0,2006 ממוצע,28111501.1458977
2007-02,2007,2,98.7,2006 ממוצע,28026314.7787889
2007-03,2007,3,98.9,2006 ממוצע,28083105.6901947
2007-04,2007,4,99.4,2006 ממוצע,28225082.9687094
2007-05,2007,5,99.4,2006 ממוצע,28225082.9687094
2007-06,2007,6,100.1,2006 ממוצע,28423851.1586298
2007-07,2007,7,101.2,2006 ממוצע,28736201.171362
2007-08,2007,8,101.9,2006 ממוצע,28934969.3612825
2007-09,2007,9,101.4,2006 ממוצע,28792992.0827679
2007-10,2007,10,101.5,2006 ממוצע,28821387.5384708
2007-11,2007,11,101.9,2006 ממוצע,28934969.3612825
2007-12,2007,12,102.5,2006 ממוצע,29105342.0955001
2008-01,2008,1,102.5,2006 ממוצע,29105342.0955001
2008-02,2008,2,102.3,2006 ממוצע,29048551.1840942
2008-03,2008,3,102.6,2006 ממוצע,29133737.551203
2008-04,2008,4,104.1,2006 ממוצע,29559669.3867469
2008-05,2008,5,104.8,2006 ממוצע,29758437.5766674
2008-06,2008,6,104.9,2006 ממוצע,29786833.0323704
2008-07,2008,7,106.1,2006 ממוצע,30127578.5008055
2008-08,2008,8,107.0,2006 ממוצע,30383137.6021318
2008-09,2008,9,107.0,2006 ממוצע,30383137.6021318
2008-10,2008,10,107.1,2006 ממוצע,30411533.0578347
2008-11,2008,11,106.5,2006 ממוצע,30241160.3236172
2008-12,2008,12,106.4,2006 ממוצע,30212764.8679142
2009-01,2009,1,100.7,2008 ממוצע,30052529.3113826
2009-02,2009,2,100.6,2008 ממוצע,30022685.6874388
2009-03,2009,3,101.1,2008 ממוצע,30171903.8071577
2009-04,2009,4,102.1,2008 ממוצע,30470340.0465955
2009-05,2009,5,102.5,2008 ממוצע,30589714.5423706
2009-06,2009,6,103.4,2008 ממוצע,30858307.1578646
2009-07,2009,7,104.5,2008 ממוצע,31186587.0212461
2009-08,2009,8,105.0,2008 ממוצע,31335805.140965
2009-09,2009,9,104.7,2008 ממוצע,31246274.2691337
2009-10,2009,10,104.9,2008 ממוצע,31305961.5170212
2009-11,2009,11,105.2,2008 ממוצע,31395492.3888526
2009-12,2009,12,105.2,2008 ממוצע,31395492.3888526
2010-01,2010,1,104.5,2008 ממוצע,31186587.0212461
2010-02,2010,2,104.2,2008 ממוצע,31097056.1494148
2010-03,2010,3,104.3,2008 ממוצע,31126899.7733586
2010-04,2010,4,105.2,2008 ממוצע,31395492.3888526
2010-05,2010,5,105.6,2008 ממוצע,31514866.8846277
2010-06,2010,6,105.9,2008 ממוצע,31604397.756459
2010-07,2010,7,106.4,2008 ממוצע,31753615.8761779
2010-08,2010,8,106.9,2008 ממוצע,31902833.9958968
2010-09,2010,9,107.2,2008 ממוצע,31992364.8677281
2010-10,2010,10,107.5,2008 ממוצע,32081895.7395594
2010-11,2010,11,107.6,2008 ממוצע,32111739.3635032
2010-12,2010,12,108.0,2008 ממוצע,32231113.8592783
2011-01,2011,1,102.0,2010 ממוצע,32297366.7044335
2011-02,2011,2,102.3,2010 ממוצע,32392358.9594465
2011-03,2011,3,102.5,2010 ממוצע,32455687.1294552
2011-04,2011,4,103.1,2010 ממוצע,32645671.6394813
2011-05,2011,5,103.6,2010 ממוצע,32803992.064503
2011-06,2011,6,104.0,2010 ממוצע,32930648.4045204
2011-07,2011,7,103.7,2010 ממוצע,32835656.1495074
2011-08,2011,8,104.2,2010 ממוצע,32993976.5745291
2011-09,2011,9,104.0,2010 ממוצע,32930648.4045204
2011-10,2011,10,104.1,2010 ממוצע,32962312.4895247
2011-11,2011,11,104.0,2010 ממוצע,32930648.4045204
2011-12,2011,12,104.0,2010 ממוצע,32930648.4045204
2012-01,2012,1,104.0,2010 ממוצע,32930648.4045204
2012-02,2012,2,104.0,2010 ממוצע,32930648.4045204
2012-03,2012,3,104.4,2010 ממוצע,33057304.7445378
2012-04,2012,4,105.3,2010 ממוצע,33342281.5095769
2012-05,2012,5,105.3,2010 ממוצע,33342281.5095769
2012-06,2012,6,105.0,2010 ממוצע,33247289.2545639
2012-07,2012,7,105.1,2010 ממוצע,33278953.3395682
2012-08,2012,8,106.2,2010 ממוצע,33627258.274616
2012-09,2012,9,106.2,2010 ממוצע,33627258.274616
2012-10,2012,10,106.0,2010 ממוצע,33563930.1046073
2012-11,2012,11,105.5,2010 ממוצע,33405609.6795856
2012-12,2012,12,105.7,2010 ממוצע,33468937.8495943
2013-01,2013,1,100.3,2012 ממוצע,33410549.2768463
2013-02,2013,2,100.3,2012 ממוצע,33410549.2768463
2013-03,2013,3,100.5,2012 ממוצע,33477170.5116954
2013-04,2013,4,100.9,2012 ממוצע,33610412.9813937
2013-05,2013,5,101.0,2012 ממוצע,33643723.5988183
2013-06,2013,6,101.8,2012 ממוצע,33910208.5382149
2013-07,2013,7,102.1,2012 ממוצע,34010140.3904886
2013-08,2013,8,102.3,2012 ממוצע,34076761.6253377
2013-09,2013,9,102.3,2012 ממוצע,34076761.6253377
2013-10,2013,10,102.6,2012 ממוצע,34176693.4776115
2013-11,2013,11,102.2,2012 ממוצע,34043451.0079132
2013-12,2013,12,102.3,2012 ממוצע,34076761.6253377
2014-01,2014,1,101.7,2012 ממוצע,33876897.9207903
2014-02,2014,2,101.5,2012 ממוצע,33810276.6859412
2014-03,2014,3,101.8,2012 ממוצע,33910208.5382149
2014-04,2014,4,101.9,2012 ממוצע,33943519.1556394
2014-05,2014,5,102.0,2012 ממוצע,33976829.773064
2014-06,2014,6,102.3,2012 ממוצע,34076761.6253377
2014-07,2014,7,102.4,2012 ממוצע,34110072.2427623
2014-08,2014,8,102.3,2012 ממוצע,34076761.6253377
2014-09,2014,9,102.0,2012 ממוצע,33976829.773064
2014-10,2014,10,102.3,2012 ממוצע,34076761.6253377
2014-11,2014,11,102.1,2012 ממוצע,34010140.3904886
2014-12,2014,12,102.1,2012 ממוצע,34010140.3904886
2015-01,2015,1,99.2,2014 ממוצע,33705015.1348795
2015-02,2015,2,98.5,2014 ממוצע,33467177.326468
2015-03,2015,3,98.8,2014 ממוצע,33569107.8157872
2015-04,2015,4,99.4,2014 ממוצע,33772968.7944256
2015-05,2015,5,99.6,2014 ממוצע,33840922.4539717
2015-06,2015,6,99.9,2014 ממוצע,33942852.943291
2015-07,2015,7,100.1,2014 ממוצע,34010806.6028371
2015-08,2015,8,99.9,2014 ממוצע,33942852.943291
2015-09,2015,9,99.5,2014 ממוצע,33806945.6241987
2015-10,2015,10,99.6,2014 ממוצע,33840922.4539717
2015-11,2015,11,99.2,2014 ממוצע,33705015.1348795
2015-12,2015,12,99.1,2014 ממוצע,33671038.3051064
2016-01,2016,1,98.6,2014 ממוצע,33501154.1562411
2016-02,2016,2,98.3,2014 ממוצע,33399223.6669219
2016-03,2016,3,98.1,2014 ממוצע,33331270.0073758
2016-04,2016,4,98.5,2014 ממוצע,33467177.326468
2016-05,2016,5,98.8,2014 ממוצע,33569107.8157872
2016-06,2016,6,99.1,2014 ממוצע,33671038.3051064
2016-07,2016,7,99.5,2014 ממוצע,33806945.6241987
2016-08,2016,8,99.2,2014 ממוצע,33705015.1348795
2016-09,2016,9,99.1,2014 ממוצע,33671038.3051064
2016-10,2016,10,99.3,2014 ממוצע,33738991.9646526
2016-11,2016,11,98.9,2014 ממוצע,33603084.6455603
2016-12,2016,12,98.9,2014 ממוצע,33603084.6455603
2017-01,2017,1,99.8,2016 ממוצע,33535878.4762692
2017-02,2017,2,99.8,2016 ממוצע,33535878.4762692
2017-03,2017,3,100.1,2016 ממוצע,33636687.7302059
2017-04,2017,4,100.3,2016 ממוצע,33703893.899497
2017-05,2017,5,100.7,2016 ממוצע,33838306.2380792
2017-06,2017,6,100.0,2016 ממוצע,33603084.6455603
2017-07,2017,7,99.9,2016 ממוצע,33569481.5609148
2017-08,2017,8,100.2,2016 ממוצע,33670290.8148514
2017-09,2017,9,100.3,2016 ממוצע,33703893.899497
2017-10,2017,10,100.6,2016 ממוצע,33804703.1534337
2017-11,2017,11,100.3,2016 ממוצע,33703893.899497
2017-12,2017,12,100.4,2016 ממוצע,33737496.9841426
2018-01,2018,1,99.9,2016 ממוצע,33569481.5609148
2018-02,2018,2,100.0,2016 ממוצע,33603084.6455603
2018-03,2018,3,100.3,2016 ממוצע,33703893.899497
2018-04,2018,4,100.7,2016 ממוצע,33838306.2380792
2018-05,2018,5,101.2,2016 ממוצע,34006321.661307
2018-06,2018,6,101.3,2016 ממוצע,34039924.7459526
2018-07,2018,7,101.3,2016 ממוצע,34039924.7459526
2018-08,2018,8,101.4,2016 ממוצע,34073527.8305982
2018-09,2018,9,101.5,2016 ממוצע,34107130.9152437
2018-10,2018,10,101.8,2016 ממוצע,34207940.1691804
2018-11,2018,11,101.5,2016 ממוצע,34107130.9152437
2018-12,2018,12,101.2,2016 ממוצע,34006321.661307
2019-01,2019,1,100.1,2018 ממוצע,33973054.6075079
2019-02,2019,2,100.2,2018 ממוצע,34006993.7229999
2019-03,2019,3,100.7,2018 ממוצע,34176689.30046
2019-04,2019,4,101.0,2018 ממוצע,34278506.6469361
2019-05,2019,5,101.7,2018 ממוצע,34516080.4553802
2019-06,2019,6,101.1,2018 ממוצע,34312445.7624281
2019-07,2019,7,100.8,2018 ממוצע,34210628.415952
2019-08,2019,8,101.0,2018 ממוצע,34278506.6469361
2019-09,2019,9,100.8,2018 ממוצע,34210628.415952
2019-10,2019,10,101.2,2018 ממוצע,34346384.8779201
2019-11,2019,11,100.8,2018 ממוצע,34210628.415952
2019-12,2019,12,100.8,2018 ממוצע,34210628.415952
2020-01,2020,1,100.4,2018 ממוצע,34074871.953984
2020-02,2020,2,100.3,2018 ממוצע,34040932.838492
2020-03,2020,3,100.7,2018 ממוצע,34176689.30046
2020-04,2020,4,100.4,2018 ממוצע,34074871.953984
2020-05,2020,5,100.1,2018 ממוצע,33973054.6075079
2020-06,2020,6,100.0,2018 ממוצע,33939115.4920159
2020-07,2020,7,100.2,2018 ממוצע,34006993.7229999
2020-08,2020,8,100.2,2018 ממוצע,34006993.7229999
2020-09,2020,9,100.1,2018 ממוצע,33973054.6075079
2020-10,2020,10,100.4,2018 ממוצע,34074871.953984
2020-11,2020,11,100.2,2018 ממוצע,34006993.7229999
2020-12,2020,12,100.1,2018 ממוצע,33973054.6075079
2021-01,2021,1,99.7,2020 ממוצע,33938810.0399765
2021-02,2021,2,100.0,2020 ממוצע,34040932.838492
2021-03,2021,3,100.6,2020 ממוצע,34245178.4355229
2021-04,2021,4,100.9,2020 ממוצע,34347301.2340384
2021-05,2021,5,101.3,2020 ממוצע,34483464.9653924
2021-06,2021,6,101.4,2020 ממוצע,34517505.8982308
2021-07,2021,7,101.8,2020 ממוצע,34653669.6295848
2021-08,2021,8,102.1,2020 ממוצע,34755792.4281003
2021-09,2021,9,102.3,2020 ממוצע,34823874.2937773
2021-10,2021,10,102.4,2020 ממוצע,34857915.2266158
2021-11,2021,11,102.3,2020 ממוצע,34823874.2937773
2021-12,2021,12,102.6,2020 ממוצע,34925997.0922927
2022-01,2022,1,102.8,2020 ממוצע,34994078.9579697
2022-02,2022,2,103.5,2020 ממוצע,35232365.4878392
2022-03,2022,3,104.1,2020 ממוצע,35436611.0848701
2022-04,2022,4,104.9,2020 ממוצע,35708938.5475781
2022-05,2022,5,105.5,2020 ממוצע,35913184.144609
2022-06,2022,6,105.9,2020 ממוצע,36049347.875963
2022-07,2022,7,107.1,2020 ממוצע,36457839.0700249
2022-08,2022,8,106.8,2020 ממוצע,36355716.2715094
2022-09,2022,9,107.0,2020 ממוצע,36423798.1371864
2022-10,2022,10,107.6,2020 ממוצע,36628043.7342173
2022-11,2022,11,107.7,2020 ממוצע,36662084.6670558
2022-12,2022,12,108.0,2020 ממוצע,36764207.4655713
2023-01,2023,1,102.3,2022 ממוצע,36878482.8771101
2023-02,2023,2,102.8,2022 ממוצע,37058729.6164899
2023-03,2023,3,103.2,2022 ממוצע,37202927.0079938
2023-04,2023,4,104.0,2022 ממוצע,37491321.7910015
2023-05,2023,5,104.2,2022 ממוצע,37563420.4867534
2023-06,2023,6,104.2,2022 ממוצע,37563420.4867534
2023-07,2023,7,104.5,2022 ממוצע,37671568.5303813
2023-08,2023,8,105.0,2022 ממוצע,37851815.2697611
2023-09,2023,9,104.9,2022 ממוצע,37815765.9218852
2023-10,2023,10,105.4,2022 ממוצע,37996012.661265
2023-11,2023,11,105.1,2022 ממוצע,37887864.6176371
2023-12,2023,12,105.0,2022 ממוצע,37851815.2697611
2024-01,2024,1,105.0,2022 ממוצע,37851815.2697611
2024-02,2024,2,105.4,2022 ממוצע,37996012.661265
2024-03,2024,3,106.0,2022 ממוצע,38212308.7485207
2024-04,2024,4,106.9,2022 ממוצע,38536752.8794044
2024-05,2024,5,107.1,2022 ממוצע,38608851.5751563
2024-06,2024,6,107.2,2022 ממוצע,38644900.9230323
2024-07,2024,7,107.8,2022 ממוצע,38861197.0102881
2024-08,2024,8,108.8,2022 ממוצע,39221690.4890477
2024-09,2024,9,108.6,2022 ממוצע,39149591.7932958
2024-10,2024,10,109.1,2022 ממוצע,39329838.5326756
2024-11,2024,11,108.7,2022 ממוצע,39185641.1411718
2024-12,2024,12,108.4,2022 ממוצע,39077493.0975439
2025-01,2025,1,101.5,2024 ממוצע,39297754.613066
2025-02,2025,2,101.5,2024 ממוצע,39297754.613066
2025-03,2025,3,102.0,2024 ממוצע,39491339.6111599
2025-04,2025,4,103.1,2024 ממוצע,39917226.6069665
2025-05,2025,5,102.8,2024 ממוצע,39801075.6081102
2025-06,2025,6,103.1,2024 ממוצע,39917226.6069665
2025-07,2025,7,103.5,2024 ממוצע,40072094.6054417
2025-08,2025,8,104.2,2024 ממוצע,40343113.6027732
2025-09,2025,9,103.6,2024 ממוצע,40110811.6050605
2025-10,2025,10,104.1,2024 ממוצע,40304396.6031544
2025-11,2025,11,103.6,2024 ממוצע,40110811.6050605
2025-12,2025,12,103.6,2024 ממוצע,40110811.6050605
2026-01,2026,1,103.3,2024 ממוצע,39994660.6062041
2026-02,2026,2,103.5,2024 ממוצע,40072094.6054417
2026-03,2026,3,103.9,2024 ממוצע,40226962.6039168
2026-04,2026,4,105.1,2024 ממוצע,40691566.5993423
2026-05,2026,5,104.8,2024 ממוצע,40575415.6004859
2026-06,2026,6,104.8,2024 ממוצע,40575415.6004859
2026-07,2026,7,105.1,2024 ממוצע,40691566.5993423
